{
  "employee": [
    {
      "id": 1,
      "name": "Anoop",
      "emailid": "anpp@gmail.com"
    },
    {
      "id": 2,
      "name": "Rocky",
      "emailid": "rocky@gmail.com"
    },
    {
      "id": 3,
      "name": "Brocky",
      "emailid": "brocky@gmail.com"
    },
    {
      "name": "Abhishek",
      "emailid": "abhi@gmail.com",
      "id": 4
    },
    {
      "name": "Oyptis",
      "emailid": "oyp@gmail.com",
      "id": 5
    },
    {
      "name": "scasc",
      "emailid": "anoop.kulkarni1999@gmail.com",
      "id": 6
    },
    {
      "name": "Mountain duke",
      "emailid": "saikiranbaccha999@gmail.com",
      "id": 7
    }
  ]
}